"id","title","description","imagePath","summary","createdAt","updatedAt","categoryId","authorId"
1,"6 ways to prepare breakfast for 30","<img src=""/img/blog/details/details-pic.jpg"" alt=""""><p>Sed porttitor lectus nibh. Vestibulum ac diam sit amet quam vehicula elementum sed sit amet
        dui. Curabitur non nulla sit amet nisl tempus convallis quis ac lectus. Mauris blandit
        aliquet elit, eget tincidunt nibh pulvinar a. Vivamus magna justo, lacinia eget consectetur
        sed, convallis at tellus. Sed porttitor lectus nibh. Donec sollicitudin molestie malesuada.
        Curabitur non nulla sit amet nisl tempus convallis quis ac lectus. Proin eget tortor risus.
        Donec rutrum congue leo eget malesuada. Curabitur non nulla sit amet nisl tempus convallis
        quis ac lectus. Donec sollicitudin molestie malesuada. Nulla quis lorem ut libero malesuada
        feugiat. Curabitur arcu erat, accumsan id imperdiet et, porttitor at sem.</p>
        <h3>The corner window forms a place within a place that is a resting point within the large space.</h3>
        <p>The study area is located at the back with a view of the vast nature. Together with the other
        buildings, a congruent story has been managed in which the whole has a reinforcing effect on
        the components. The use of materials seeks connection to the main house, the adjacent
        stables</p>",/img/blog/blog-1.jpg,Sed quia non numquam modi tempora indunt ut labore et dolore magnam aliquam quaerat,2024-12-03 15:48:40.517 +0700,2024-12-03 15:48:40.517 +0700,1,1
2,Visit the clean farm in the US,"<p>Sed porttitor lectus nibh. Vestibulum ac diam sit amet quam vehicula elementum sed sit amet
        dui. Curabitur non nulla sit amet nisl tempus convallis quis ac lectus. Mauris blandit
        aliquet elit, eget tincidunt nibh pulvinar a. Vivamus magna justo, lacinia eget consectetur
        sed, convallis at tellus. Sed porttitor lectus nibh. Donec sollicitudin molestie malesuada.
        Curabitur non nulla sit amet nisl tempus convallis quis ac lectus. Proin eget tortor risus.
        Donec rutrum congue leo eget malesuada. Curabitur non nulla sit amet nisl tempus convallis
        quis ac lectus. Donec sollicitudin molestie malesuada. Nulla quis lorem ut libero malesuada
        feugiat. Curabitur arcu erat, accumsan id imperdiet et, porttitor at sem.</p>
        <h3>The corner window forms a place within a place that is a resting point within the large space.</h3>
        <p>The study area is located at the back with a view of the vast nature. Together with the other
        buildings, a congruent story has been managed in which the whole has a reinforcing effect on
        the components. The use of materials seeks connection to the main house, the adjacent
        stables</p>",/img/blog/blog-2.jpg,Sed quia non numquam modi tempora indunt ut labore et dolore magnam aliquam quaerat,2024-12-03 15:48:40.517 +0700,2024-12-03 15:48:40.517 +0700,2,2
3,Cooking tips make cooking simple,"<p>Sed porttitor lectus nibh. Vestibulum ac diam sit amet quam vehicula elementum sed sit amet
        dui. Curabitur non nulla sit amet nisl tempus convallis quis ac lectus. Mauris blandit
        aliquet elit, eget tincidunt nibh pulvinar a. Vivamus magna justo, lacinia eget consectetur
        sed, convallis at tellus. Sed porttitor lectus nibh. Donec sollicitudin molestie malesuada.
        Curabitur non nulla sit amet nisl tempus convallis quis ac lectus. Proin eget tortor risus.
        Donec rutrum congue leo eget malesuada. Curabitur non nulla sit amet nisl tempus convallis
        quis ac lectus. Donec sollicitudin molestie malesuada. Nulla quis lorem ut libero malesuada
        feugiat. Curabitur arcu erat, accumsan id imperdiet et, porttitor at sem.</p>
        <h3>The corner window forms a place within a place that is a resting point within the large space.</h3>
        <p>The study area is located at the back with a view of the vast nature. Together with the other
        buildings, a congruent story has been managed in which the whole has a reinforcing effect on
        the components. The use of materials seeks connection to the main house, the adjacent
        stables</p>",/img/blog/blog-3.jpg,Sed quia non numquam modi tempora indunt ut labore et dolore magnam aliquam quaerat,2024-12-03 15:48:40.517 +0700,2024-12-03 15:48:40.517 +0700,3,3
4,Crab Pool Security,"<p>Sed porttitor lectus nibh. Vestibulum ac diam sit amet quam vehicula elementum sed sit amet
        dui. Curabitur non nulla sit amet nisl tempus convallis quis ac lectus. Mauris blandit
        aliquet elit, eget tincidunt nibh pulvinar a. Vivamus magna justo, lacinia eget consectetur
        sed, convallis at tellus. Sed porttitor lectus nibh. Donec sollicitudin molestie malesuada.
        Curabitur non nulla sit amet nisl tempus convallis quis ac lectus. Proin eget tortor risus.
        Donec rutrum congue leo eget malesuada. Curabitur non nulla sit amet nisl tempus convallis
        quis ac lectus. Donec sollicitudin molestie malesuada. Nulla quis lorem ut libero malesuada
        feugiat. Curabitur arcu erat, accumsan id imperdiet et, porttitor at sem.</p>
        <h3>The corner window forms a place within a place that is a resting point within the large space.</h3>
        <p>The study area is located at the back with a view of the vast nature. Together with the other
        buildings, a congruent story has been managed in which the whole has a reinforcing effect on
        the components. The use of materials seeks connection to the main house, the adjacent
        stables</p>",/img/blog/blog-4.jpg,Sed quia non numquam modi tempora indunt ut labore et dolore magnam aliquam quaerat,2024-12-03 15:48:40.517 +0700,2024-12-03 15:48:40.517 +0700,4,4
5,The Moment You Need To Remove Garlic From The Menu,"<p>Sed porttitor lectus nibh. Vestibulum ac diam sit amet quam vehicula elementum sed sit amet
        dui. Curabitur non nulla sit amet nisl tempus convallis quis ac lectus. Mauris blandit
        aliquet elit, eget tincidunt nibh pulvinar a. Vivamus magna justo, lacinia eget consectetur
        sed, convallis at tellus. Sed porttitor lectus nibh. Donec sollicitudin molestie malesuada.
        Curabitur non nulla sit amet nisl tempus convallis quis ac lectus. Proin eget tortor risus.
        Donec rutrum congue leo eget malesuada. Curabitur non nulla sit amet nisl tempus convallis
        quis ac lectus. Donec sollicitudin molestie malesuada. Nulla quis lorem ut libero malesuada
        feugiat. Curabitur arcu erat, accumsan id imperdiet et, porttitor at sem.</p>
        <h3>The corner window forms a place within a place that is a resting point within the large space.</h3>
        <p>The study area is located at the back with a view of the vast nature. Together with the other
        buildings, a congruent story has been managed in which the whole has a reinforcing effect on
        the components. The use of materials seeks connection to the main house, the adjacent
        stables</p>",/img/blog/blog-5.jpg,Sed quia non numquam modi tempora indunt ut labore et dolore magnam aliquam quaerat,2024-12-03 15:48:40.517 +0700,2024-12-03 15:48:40.517 +0700,1,5
6,"6 ways to prepare breakfast","<p>Sed porttitor lectus nibh. Vestibulum ac diam sit amet quam vehicula elementum sed sit amet
        dui. Curabitur non nulla sit amet nisl tempus convallis quis ac lectus. Mauris blandit
        aliquet elit, eget tincidunt nibh pulvinar a. Vivamus magna justo, lacinia eget consectetur
        sed, convallis at tellus. Sed porttitor lectus nibh. Donec sollicitudin molestie malesuada.
        Curabitur non nulla sit amet nisl tempus convallis quis ac lectus. Proin eget tortor risus.
        Donec rutrum congue leo eget malesuada. Curabitur non nulla sit amet nisl tempus convallis
        quis ac lectus. Donec sollicitudin molestie malesuada. Nulla quis lorem ut libero malesuada
        feugiat. Curabitur arcu erat, accumsan id imperdiet et, porttitor at sem.</p>
        <h3>The corner window forms a place within a place that is a resting point within the large space.</h3>
        <p>The study area is located at the back with a view of the vast nature. Together with the other
        buildings, a congruent story has been managed in which the whole has a reinforcing effect on
        the components. The use of materials seeks connection to the main house, the adjacent
        stables</p>",/img/blog/blog-6.jpg,Sed quia non numquam modi tempora indunt ut labore et dolore magnam aliquam quaerat,2024-12-03 15:48:40.517 +0700,2024-12-03 15:48:40.517 +0700,3,2
